{"D":[-0.015178927345862082,0.017976705763007687,0.0015004273759554466,-0.0020829492089170115,-0.07975863546462723],"K":[600.0578977137175,0.0,322.1193279268221,0.0,599.9440321367256,227.67633567638276,0.0,0.0,1.0]}