{"D":[0.19861015171375385,-0.442117147842076,-0.0015187477090554504,0.004516579256001618,0.26901225711322413],"K":[1289.676847251988,0.0,817.6797464818211,0.0,1269.6912861058017,635.5989740292218,0.0,0.0,1.0]}