{"D":[0.23482507106362727,-0.6496631917191548,-0.0026664220638698034,-0.002705123626006083,0.6038046070905168],"K":[1294.344899189457,0.0,815.5607986560963,0.0,1292.643049287533,621.0311661527567,0.0,0.0,1.0]}