{"D":[0.12702230739109727,-0.4417703548189306,-0.0009460813490503701,0.0032840832597264245,-3.2407321199279804],"K":[1902.5359594648812,0.0,838.2749952491502,0.0,1916.6473920663746,218.95744748021474,0.0,0.0,1.0]}