{"D":[0.21565393183613146,-0.5272128192848757,0.0002655392262794885,0.001282276646969913,0.3726166062302526],"K":[1281.0398612798977,0.0,830.0333466515995,0.0,1283.655494517148,629.6474220477184,0.0,0.0,1.0]}