{"laser_plane":[0.9409302036380975,0.0018771783590360075,-0.3385953751647778,151.99587596515966],"rotation_axis_direction":[-0.007395646226675989,0.9939605002007669,0.10948894217011722],"rotation_axis_source":[12.483938625272577,-289.7685385167098,377.472200540559]}