{"laser_plane":[-0.7351226728753617,-0.04096230672037057,0.6766954597547779,-34.9423002712161],"rotation_axis_direction":[-0.13309313453217422,0.966629685254181,0.21889099827494837],"rotation_axis_source":[-41.461216349431226,29.648549091243726,134.22119889442249]}